{"stats":{"minecraft:killed":{"born_in_chaos_v1:zombie_clown":2,"mca:male_zombie_villager":2,"born_in_chaos_v1:restless_spirit":6,"minecraft:spider":14,"alexsmobs:seagull":2,"born_in_chaos_v1:zombie_bruiser":6,"born_in_chaos_v1:scarlet_persecutor":2,"born_in_chaos_v1:baby_skeleton_minion":2,"born_in_chaos_v1:maggot":12,"minecraft:skeleton":20,"alexsmobs:bison":8,"minecraft:pig":2,"alexsmobs:grizzly_bear":2,"born_in_chaos_v1:diamond_termite":34,"minecraft:creeper":4,"born_in_chaos_v1:decrepit_skeleton":2,"born_in_chaos_v1:bloody_gadfly":2,"minecraft:pillager":2,"alexsmobs:crocodile":2,"minecraft:zombie":14,"born_in_chaos_v1:dread_hound":6,"born_in_chaos_v1:corpse_fly":2,"alexsmobs:fly":2,"minecraft:cow":36},"minecraft:crafted":{"minecraft:oak_door":3,"minecraft:oak_planks":64,"minecraft:cooked_chicken":1,"minecraft:furnace":1,"minecraft:diamond":2,"minecraft:iron_boots":1,"minecraft:leather":2,"corail_backpack:backpack_base_4":1,"minecraft:spruce_slab":24,"minecraft:stone_pickaxe":2,"minecraft:chest":2,"minecraft:stone_hoe":1,"minecraft:oak_fence":3,"minecraft:cooked_beef":63,"easy_emerald:obsidian_body":1,"minecraft:cooked_porkchop":1,"minecraft:crafting_table":2,"minecraft:spruce_planks":16,"corail_backpack:section":2,"minecraft:iron_helmet":1,"minecraft:wooden_pickaxe":1,"minecraft:iron_sword":1,"minecraft:bucket":2,"minecraft:stone_axe":1,"minecraft:air":0,"biomesoplenty:fir_planks":8,"minecraft:diamond_pickaxe":1,"minecraft:shield":2,"minecraft:stick":60,"minecraft:iron_ingot":75,"minecraft:iron_pickaxe":1,"minecraft:iron_leggings":1,"minecraft:torch":172,"minecraft:shears":1},"minecraft:broken":{"minecraft:iron_boots":1,"minecraft:stone_pickaxe":1,"minecraft:shield":1,"minecraft:stone_axe":1,"minecraft:iron_sword":1,"minecraft:iron_helmet":1},"minecraft:used":{"minecraft:oak_fence":2,"minecraft:spruce_slab":24,"born_in_chaos_v1:intoxicating_decoction":2,"minecraft:chest":2,"minecraft:shield":56,"minecraft:iron_sword":270,"minecraft:cooked_chicken":1,"minecraft:oak_door":2,"minecraft:torch":161,"minecraft:dirt":20,"minecraft:tuff":1,"minecraft:iron_axe":52,"minecraft:iron_helmet":1,"minecraft:iron_boots":1,"minecraft:bow":6,"minecraft:sweet_berries":1,"minecraft:oak_sapling":4,"minecraft:furnace":3,"minecraft:egg":1,"minecraft:cooked_beef":64,"minecraft:cobbled_deepslate":47,"minecraft:iron_leggings":1,"minecraft:water_bucket":10,"minecraft:diorite":1,"minecraft:stone_pickaxe":141,"minecraft:oak_planks":13,"minecraft:wooden_pickaxe":11,"minecraft:golden_apple":1,"minecraft:crafting_table":12,"easy_emerald:obsidian_pickaxe":4,"minecraft:black_bed":2,"minecraft:oak_log":9,"minecraft:diamond_pickaxe":356,"minecraft:apple":11,"minecraft:bread":25,"minecraft:iron_pickaxe":118,"minecraft:stone_axe":61,"minecraft:cobblestone":235,"minecraft:cooked_porkchop":1,"minecraft:bucket":12},"minecraft:mined":{"alexscaves:spelunkery_table":1,"minecraft:deepslate_diamond_ore":8,"minecraft:oak_door":1,"born_in_chaos_v1:infected_diamond_ore":8,"minecraft:obsidian":9,"gravestone:gravestone":9,"minecraft:allium":1,"minecraft:grass_block":15,"minecraft:mangrove_fence":15,"minecraft:furnace":2,"minecraft:iron_ore":58,"minecraft:cobbled_deepslate":4,"minecraft:andesite":1,"minecraft:stripped_spruce_log":1,"minecraft:pumpkin":3,"minecraft:deepslate_iron_ore":18,"biomesoplenty:spider_egg":1,"minecraft:stone":323,"minecraft:white_wool":1,"minecraft:crafting_table":9,"born_in_chaos_v1:infected_deepslate_diamond_ore":4,"minecraft:emerald_ore":1,"minecraft:tall_grass":1,"minecraft:cobblestone":10,"minecraft:deepslate_gold_ore":3,"minecraft:sugar_cane":2,"minecraft:diorite":8,"minecraft:sweet_berry_bush":2,"biomesoplenty:fir_log":2,"minecraft:grass":51,"minecraft:oak_log":11,"minecraft:coal_ore":115,"minecraft:gravel":1,"minecraft:sand":8,"minecraft:dirt":5,"minecraft:gold_ore":5,"minecraft:oak_leaves":8,"minecraft:deepslate":47,"minecraft:fern":11},"minecraft:picked_up":{"easy_emerald:obsidian_pickaxe":1,"minecraft:crafting_table":11,"minecraft:iron_chestplate":1,"born_in_chaos_v1:diamond_termite_shard":18,"minecraft:allium":1,"born_in_chaos_v1:seedof_chaos":1,"minecraft:wooden_pickaxe":1,"minecraft:chain":1,"gravestone:obituary":1,"minecraft:string":13,"minecraft:iron_axe":1,"born_in_chaos_v1:intoxicating_decoction":2,"minecraft:cobbled_deepslate":57,"minecraft:beef":61,"minecraft:light_gray_wool":2,"minecraft:iron_boots":1,"minecraft:furnace":2,"minecraft:egg":1,"minecraft:stick":8,"minecraft:raw_iron":77,"born_in_chaos_v1:shattered_skull":1,"minecraft:oak_door":1,"minecraft:torch":3,"minecraft:porkchop":7,"minecraft:cherry_log":10,"minecraft:diorite":8,"born_in_chaos_v1:pieceofdarkmetal":3,"minecraft:redstone":8,"alexsmobs:crocodile_scute":1,"minecraft:arrow":10,"minecraft:rotten_flesh":16,"alexscaves:spelunkery_table":1,"minecraft:obsidian":8,"minecraft:white_wool":9,"minecraft:cobblestone":335,"born_in_chaos_v1:corpse_maggot":5,"minecraft:feather":1,"minecraft:cooked_beef":1,"born_in_chaos_v1:monster_flesh":2,"minecraft:andesite":8,"minecraft:brown_wool":2,"minecraft:black_bed":2,"minecraft:leather":25,"biomesoplenty:fir_log":2,"alexsmobs:bison_fur":5,"minecraft:tuff":1,"minecraft:oak_log":25,"corail_backpack:backpack_base_0":1,"minecraft:dirt":30,"born_in_chaos_v1:monster_skin":1,"minecraft:mangrove_fence":1,"minecraft:bone":5,"minecraft:apple":2,"minecraft:bow":4,"minecraft:wheat_seeds":5,"minecraft:raw_gold":8,"minecraft:iron_ingot":4,"minecraft:gray_bed":2,"minecraft:oak_planks":17,"minecraft:pumpkin":2,"minecraft:sweet_berries":1,"born_in_chaos_v1:ethereal_spirit":6,"minecraft:gravel":2,"minecraft:sand":8,"minecraft:stripped_spruce_log":1,"minecraft:spruce_log":3,"minecraft:spider_eye":3,"alexsmobs:raw_catfish":1,"minecraft:diamond":7,"minecraft:crossbow":1,"minecraft:emerald":1,"minecraft:bread":49,"alexsmobs:maggot":1,"minecraft:baked_potato":2,"minecraft:oak_sapling":4,"minecraft:coal":116},"minecraft:killed_by":{"minecraft:creeper":1,"minecraft:spider":1,"man:managgresive":3,"born_in_chaos_v1:bonescaller":1,"alexsmobs:crocodile":1,"minecraft:skeleton":2},"minecraft:custom":{"minecraft:mob_kills":96,"minecraft:interact_with_crafting_table":45,"minecraft:open_barrel":1,"minecraft:interact_with_campfire":1,"minecraft:bell_ring":57,"minecraft:leave_game":4,"minecraft:time_since_death":65117,"minecraft:climb_one_cm":3506,"minecraft:sprint_one_cm":745468,"minecraft:walk_one_cm":719993,"minecraft:damage_blocked_by_shield":3300,"minecraft:drop":56,"minecraft:play_time":242984,"minecraft:deaths":9,"minecraft:sneak_time":12614,"minecraft:walk_under_water_one_cm":11846,"minecraft:boat_one_cm":269048,"minecraft:jump":6543,"minecraft:walk_on_water_one_cm":34110,"minecraft:total_world_time":242984,"minecraft:interact_with_furnace":101,"minecraft:sleep_in_bed":8,"minecraft:time_since_rest":55988,"minecraft:damage_taken":8840,"minecraft:damage_absorbed":40,"minecraft:damage_dealt":16448,"minecraft:swim_one_cm":25701,"minecraft:fly_one_cm":1336705,"minecraft:open_chest":71,"minecraft:crouch_one_cm":38116,"minecraft:fall_one_cm":223599,"minecraft:horse_one_cm":3812},"minecraft:dropped":{"minecraft:water_bucket":1,"minecraft:wheat_seeds":5,"minecraft:baked_potato":2,"minecraft:glass_bottle":2,"minecraft:crafting_table":1,"minecraft:leather":2,"minecraft:stick":2,"minecraft:diorite":2,"minecraft:brown_wool":2,"minecraft:gray_bed":2,"gravestone:obituary":9,"minecraft:pumpkin":2,"minecraft:string":4,"minecraft:gravel":2,"born_in_chaos_v1:ethereal_spirit":1,"minecraft:rotten_flesh":16,"minecraft:light_gray_wool":2,"minecraft:oak_planks":1,"minecraft:iron_boots":1,"minecraft:mangrove_fence":1,"born_in_chaos_v1:seedof_chaos":1,"minecraft:allium":1,"minecraft:andesite":7,"born_in_chaos_v1:corpse_maggot":4,"minecraft:golden_leggings":1,"minecraft:spider_eye":2,"minecraft:bow":2,"minecraft:wooden_pickaxe":2,"minecraft:stone_pickaxe":1,"corail_backpack:backpack_base_0":1}},"DataVersion":3465}