{"stats":{"minecraft:killed":{"mca:male_zombie_villager":2,"born_in_chaos_v1:restless_spirit":2,"minecraft:spider":6,"born_in_chaos_v1:zombie_bruiser":2,"minecraft:skeleton":8,"alexsmobs:bison":4,"minecraft:pig":2,"born_in_chaos_v1:diamond_termite":34,"minecraft:creeper":4,"born_in_chaos_v1:bloody_gadfly":2,"minecraft:zombie":8,"born_in_chaos_v1:dread_hound":2,"minecraft:cow":24},"minecraft:crafted":{"minecraft:oak_door":3,"minecraft:oak_planks":64,"minecraft:cooked_chicken":1,"minecraft:furnace":1,"minecraft:diamond":2,"minecraft:iron_boots":1,"minecraft:spruce_slab":24,"minecraft:stone_pickaxe":2,"minecraft:chest":2,"minecraft:oak_fence":3,"minecraft:cooked_beef":32,"easy_emerald:obsidian_body":1,"minecraft:cooked_porkchop":1,"minecraft:crafting_table":1,"minecraft:spruce_planks":12,"minecraft:wooden_pickaxe":1,"minecraft:iron_helmet":1,"minecraft:iron_sword":1,"minecraft:bucket":2,"minecraft:stone_axe":1,"minecraft:air":0,"biomesoplenty:fir_planks":8,"minecraft:diamond_pickaxe":1,"minecraft:shield":1,"minecraft:stick":40,"minecraft:iron_ingot":34,"minecraft:iron_pickaxe":1,"minecraft:iron_leggings":1,"minecraft:torch":84},"minecraft:broken":{"minecraft:stone_pickaxe":1,"minecraft:stone_axe":1},"minecraft:used":{"minecraft:oak_fence":2,"minecraft:spruce_slab":24,"born_in_chaos_v1:intoxicating_decoction":1,"minecraft:chest":2,"minecraft:iron_sword":102,"minecraft:cooked_chicken":1,"minecraft:oak_door":1,"minecraft:torch":42,"minecraft:dirt":20,"minecraft:iron_axe":15,"minecraft:iron_helmet":1,"minecraft:iron_boots":1,"minecraft:furnace":3,"minecraft:oak_sapling":2,"minecraft:egg":1,"minecraft:cooked_beef":20,"minecraft:cobbled_deepslate":47,"minecraft:iron_leggings":1,"minecraft:water_bucket":1,"minecraft:diorite":1,"minecraft:stone_pickaxe":141,"minecraft:oak_planks":13,"minecraft:wooden_pickaxe":11,"minecraft:crafting_table":10,"easy_emerald:obsidian_pickaxe":4,"minecraft:black_bed":1,"minecraft:oak_log":9,"minecraft:diamond_pickaxe":55,"minecraft:bread":3,"minecraft:iron_pickaxe":118,"minecraft:stone_axe":61,"minecraft:cobblestone":79,"minecraft:cooked_porkchop":1,"minecraft:bucket":3},"minecraft:mined":{"minecraft:deepslate_diamond_ore":1,"born_in_chaos_v1:infected_diamond_ore":8,"minecraft:obsidian":8,"gravestone:gravestone":5,"minecraft:allium":1,"minecraft:grass_block":15,"minecraft:furnace":2,"minecraft:iron_ore":21,"minecraft:cobbled_deepslate":4,"minecraft:pumpkin":3,"minecraft:deepslate_iron_ore":18,"minecraft:stone":100,"minecraft:crafting_table":8,"born_in_chaos_v1:infected_deepslate_diamond_ore":2,"minecraft:tall_grass":1,"minecraft:cobblestone":4,"minecraft:deepslate_gold_ore":3,"minecraft:diorite":7,"biomesoplenty:fir_log":2,"minecraft:grass":40,"minecraft:oak_log":11,"minecraft:coal_ore":101,"minecraft:sand":8,"minecraft:gravel":1,"minecraft:dirt":5,"minecraft:gold_ore":5,"minecraft:oak_leaves":8,"minecraft:deepslate":44},"minecraft:picked_up":{"easy_emerald:obsidian_pickaxe":1,"minecraft:crafting_table":10,"minecraft:iron_chestplate":1,"born_in_chaos_v1:diamond_termite_shard":18,"minecraft:allium":1,"minecraft:chain":1,"minecraft:string":4,"minecraft:iron_axe":1,"born_in_chaos_v1:intoxicating_decoction":1,"minecraft:cobbled_deepslate":51,"minecraft:beef":38,"minecraft:egg":1,"minecraft:furnace":2,"minecraft:raw_iron":41,"minecraft:porkchop":1,"minecraft:diorite":7,"born_in_chaos_v1:pieceofdarkmetal":3,"minecraft:redstone":8,"minecraft:arrow":5,"minecraft:rotten_flesh":9,"minecraft:obsidian":8,"minecraft:cobblestone":111,"born_in_chaos_v1:corpse_maggot":1,"minecraft:cooked_beef":1,"minecraft:black_bed":1,"minecraft:leather":10,"biomesoplenty:fir_log":2,"alexsmobs:bison_fur":4,"minecraft:oak_log":25,"minecraft:dirt":30,"minecraft:bone":4,"minecraft:wheat_seeds":3,"minecraft:raw_gold":8,"minecraft:iron_ingot":3,"minecraft:gray_bed":2,"minecraft:pumpkin":2,"minecraft:gravel":2,"minecraft:sand":8,"minecraft:spruce_log":3,"minecraft:spider_eye":1,"minecraft:diamond":3,"minecraft:bread":6,"minecraft:baked_potato":2,"minecraft:oak_sapling":2,"minecraft:coal":101},"minecraft:killed_by":{"minecraft:creeper":1,"minecraft:spider":1,"born_in_chaos_v1:bonescaller":1,"minecraft:skeleton":2},"minecraft:custom":{"minecraft:mob_kills":52,"minecraft:interact_with_crafting_table":32,"minecraft:interact_with_campfire":1,"minecraft:bell_ring":1,"minecraft:leave_game":2,"minecraft:time_since_death":17218,"minecraft:climb_one_cm":319,"minecraft:sprint_one_cm":184350,"minecraft:walk_one_cm":349885,"minecraft:drop":27,"minecraft:play_time":94901,"minecraft:deaths":5,"minecraft:sneak_time":7280,"minecraft:walk_under_water_one_cm":9626,"minecraft:jump":2196,"minecraft:walk_on_water_one_cm":13577,"minecraft:total_world_time":94901,"minecraft:interact_with_furnace":67,"minecraft:sleep_in_bed":3,"minecraft:time_since_rest":7843,"minecraft:damage_taken":2989,"minecraft:damage_dealt":8154,"minecraft:swim_one_cm":5493,"minecraft:fly_one_cm":362060,"minecraft:open_chest":22,"minecraft:crouch_one_cm":21190,"minecraft:fall_one_cm":77386,"minecraft:horse_one_cm":3812},"minecraft:dropped":{"minecraft:water_bucket":1,"minecraft:wheat_seeds":3,"minecraft:glass_bottle":1,"minecraft:crafting_table":1,"minecraft:stick":2,"minecraft:diorite":1,"minecraft:gray_bed":2,"gravestone:obituary":4,"minecraft:pumpkin":2,"minecraft:string":4,"minecraft:gravel":2,"minecraft:rotten_flesh":9,"minecraft:allium":1,"born_in_chaos_v1:corpse_maggot":1,"minecraft:spider_eye":1,"minecraft:wooden_pickaxe":1,"minecraft:stone_pickaxe":1}},"DataVersion":3465}