{"stats":{"minecraft:crafted":{"minecraft:oak_planks":120,"minecraft:cooked_chicken":8,"minecraft:cooked_mutton":11,"minecraft:bow":1,"minecraft:iron_boots":1,"corail_backpack:backpack_base_4":1,"minecraft:oak_button":16,"easy_emerald:obsidian_body":1,"easy_emerald:obsidian_pickaxe":1,"minecraft:arrow":20,"minecraft:cooked_porkchop":1,"minecraft:crafting_table":16,"corail_backpack:backpack_base_0":1,"minecraft:spruce_planks":16,"easy_emerald:obsidian_boots":1,"corail_backpack:section":1,"minecraft:baked_potato":14,"minecraft:wooden_pickaxe":1,"biomesoplenty:fir_planks":48,"minecraft:diamond_pickaxe":1,"minecraft:shield":1,"minecraft:light_weighted_pressure_plate":1,"minecraft:stick":60,"minecraft:iron_ingot":20,"minecraft:iron_pickaxe":1,"corail_backpack:chamber":1,"minecraft:gold_ingot":20,"minecraft:cherry_planks":8,"minecraft:furnace":5,"easy_emerald:obsidian_leggings":1,"minecraft:iron_axe":1,"minecraft:stone_pickaxe":1,"minecraft:wheat":36,"minecraft:cooked_beef":43,"corail_backpack:backpack_0":1,"biomesoplenty:fir_boat":1,"easy_emerald:obsidian_head":1,"minecraft:stone_axe":1,"minecraft:bread":12,"minecraft:air":0,"minecraft:oak_boat":1,"minecraft:white_wool":3,"minecraft:golden_apple":3,"easy_emerald:obsidian_axe":2,"minecraft:iron_leggings":1,"minecraft:torch":108},"minecraft:killed":{"born_in_chaos_v1:zombie_clown":2,"minecraft:cave_spider":6,"born_in_chaos_v1:restless_spirit":2,"born_in_chaos_v1:zombie_lumberjack":4,"minecraft:spider":18,"born_in_chaos_v1:baby_skeleton_minion":2,"minecraft:skeleton":26,"minecraft:chicken":18,"born_in_chaos_v1:bonescaller":6,"minecraft:pig":14,"born_in_chaos_v1:diamond_termite":12,"minecraft:sheep":46,"born_in_chaos_v1:zombie_fisherman":2,"minecraft:pillager":4,"minecraft:zombie":34,"born_in_chaos_v1:dread_hound":8,"born_in_chaos_v1:corpse_fly":2,"minecraft:cow":42,"alexsmobs:raccoon":2,"born_in_chaos_v1:maggot":12,"minecraft:horse":4,"alexsmobs:bison":8,"born_in_chaos_v1:baby_skeleton":2,"minecraft:frog":2,"born_in_chaos_v1:decrepit_skeleton":8,"alexsmobs:catfish":2,"born_in_chaos_v1:bloody_gadfly":2,"alexsmobs:crocodile":2,"alexsmobs:crow":2},"minecraft:broken":{"minecraft:stone_axe":1},"minecraft:used":{"born_in_chaos_v1:intoxicating_decoction":2,"minecraft:shield":21,"born_in_chaos_v1:corpse_maggot":1,"born_in_chaos_v1:gnawed_bones":1,"minecraft:bow":22,"minecraft:sweet_berries":48,"minecraft:furnace":14,"minecraft:oak_sapling":2,"minecraft:potato":1,"minecraft:oak_planks":16,"minecraft:stone_pickaxe":106,"minecraft:mangrove_planks":2,"minecraft:wooden_pickaxe":16,"biomesoplenty:fir_planks":1,"biomesoplenty:fir_boat":3,"minecraft:white_wool":8,"minecraft:bread":43,"minecraft:brown_wool":1,"easy_emerald:obsidian_axe":510,"minecraft:oak_boat":1,"minecraft:experience_bottle":3,"minecraft:spruce_planks":2,"minecraft:mangrove_fence":1,"minecraft:cooked_chicken":8,"minecraft:torch":106,"minecraft:dirt":30,"minecraft:granite":1,"minecraft:iron_axe":9,"minecraft:light_weighted_pressure_plate":1,"minecraft:jungle_log":1,"minecraft:light_gray_wool":1,"minecraft:cooked_beef":26,"minecraft:cobbled_deepslate":59,"minecraft:pumpkin":1,"minecraft:cooked_mutton":11,"minecraft:water_bucket":80,"minecraft:baked_potato":14,"minecraft:tnt":2,"minecraft:crafting_table":18,"minecraft:white_bed":12,"minecraft:diamond_pickaxe":339,"minecraft:stripped_jungle_log":4,"minecraft:iron_pickaxe":65,"minecraft:stone_axe":93,"minecraft:cobblestone":51,"minecraft:porkchop":1,"minecraft:cooked_porkchop":1,"minecraft:bucket":80,"alexsmobs:animal_dictionary":1,"minecraft:stripped_oak_log":2},"minecraft:mined":{"minecraft:spruce_planks":2,"minecraft:white_bed":13,"minecraft:obsidian":27,"minecraft:granite":3,"minecraft:grass_block":11,"minecraft:mangrove_fence":4,"minecraft:jungle_log":2,"biomesoplenty:cattail":1,"minecraft:spawner":4,"minecraft:magma_block":5,"minecraft:iron_ore":41,"minecraft:cobbled_deepslate":5,"minecraft:pumpkin":1,"minecraft:deepslate_lapis_ore":4,"minecraft:oak_stairs":1,"minecraft:deepslate_redstone_ore":63,"born_in_chaos_v1:infected_deepslate_diamond_ore":1,"minecraft:torch":1,"minecraft:poppy":1,"minecraft:cobblestone":14,"minecraft:sugar_cane":1,"minecraft:oak_planks":6,"minecraft:wall_torch":2,"minecraft:seagrass":1,"minecraft:lilac":2,"minecraft:tnt":8,"minecraft:light_gray_wool":1,"minecraft:black_bed":1,"biomesoplenty:fir_log":12,"minecraft:grass":59,"minecraft:oak_log":31,"minecraft:dirt":12,"minecraft:netherrack":2,"minecraft:oak_leaves":8,"minecraft:deepslate":61,"minecraft:light_blue_stained_glass_pane":3,"minecraft:crying_obsidian":1,"minecraft:tuff":2,"minecraft:mossy_cobblestone":1,"minecraft:deepslate_diamond_ore":17,"born_in_chaos_v1:infected_diamond_ore":4,"gravestone:gravestone":5,"minecraft:chiseled_bookshelf":1,"biomesoplenty:bush":2,"born_in_chaos_v1:black_argillite":1,"minecraft:spruce_leaves":13,"minecraft:large_fern":1,"minecraft:hay_block":4,"minecraft:oak_trapdoor":1,"minecraft:furnace":10,"minecraft:andesite":8,"minecraft:gold_block":2,"minecraft:bookshelf":6,"minecraft:deepslate_iron_ore":11,"minecraft:rail":1,"minecraft:stripped_jungle_log":4,"minecraft:stripped_oak_log":2,"minecraft:stone":101,"minecraft:mangrove_stairs":1,"minecraft:glass_pane":5,"minecraft:stone_brick_slab":1,"minecraft:crafting_table":4,"minecraft:tall_grass":15,"minecraft:lapis_ore":10,"biomesoplenty:sprout":4,"minecraft:deepslate_gold_ore":4,"minecraft:diorite":2,"minecraft:sweet_berry_bush":8,"minecraft:gray_bed":1,"minecraft:spruce_log":1,"minecraft:mangrove_planks":2,"minecraft:coal_ore":77,"minecraft:sunflower":3,"minecraft:gold_ore":2,"minecraft:fern":9},"minecraft:picked_up":{"minecraft:iron_chestplate":1,"minecraft:oak_stairs":1,"born_in_chaos_v1:black_argillite":1,"minecraft:string":43,"minecraft:iron_leggings":1,"minecraft:cobbled_deepslate":67,"minecraft:spruce_planks":2,"alexsmobs:raccoon_tail":1,"minecraft:furnace":10,"born_in_chaos_v1:shattered_skull":2,"minecraft:torch":13,"minecraft:porkchop":10,"minecraft:cherry_log":2,"minecraft:diorite":1,"minecraft:mangrove_stairs":1,"minecraft:rotten_flesh":27,"minecraft:obsidian":26,"minecraft:cod":1,"minecraft:cobblestone":112,"minecraft:magma_block":6,"minecraft:cooked_beef":3,"minecraft:feather":11,"minecraft:lilac":1,"minecraft:andesite":7,"minecraft:water_bucket":1,"minecraft:jungle_log":1,"minecraft:brown_wool":1,"minecraft:golden_leggings":1,"minecraft:potato":1,"biomesoplenty:fir_log":12,"alexsmobs:bison_fur":7,"corail_backpack:backpack_base_0":2,"minecraft:lapis_lazuli":65,"minecraft:dirt":41,"born_in_chaos_v1:monster_skin":2,"minecraft:mangrove_fence":9,"minecraft:bone":20,"minecraft:bow":1,"minecraft:wheat_seeds":14,"biomesoplenty:fir_boat":2,"minecraft:raw_gold":6,"minecraft:oak_planks":5,"minecraft:mossy_cobblestone":1,"minecraft:diamond":21,"minecraft:granite":2,"minecraft:golden_apple":1,"minecraft:oak_sapling":3,"born_in_chaos_v1:rotten_fish":2,"minecraft:netherrack":2,"born_in_chaos_v1:diamond_termite_shard":6,"minecraft:crafting_table":4,"minecraft:allium":1,"minecraft:chicken":9,"born_in_chaos_v1:seedof_chaos":1,"minecraft:chest_minecart":1,"minecraft:gold_block":2,"gravestone:obituary":4,"minecraft:oak_trapdoor":1,"born_in_chaos_v1:intoxicating_decoction":4,"minecraft:beef":89,"born_in_chaos_v1:gnawed_bones":1,"minecraft:poppy":1,"minecraft:light_gray_wool":2,"minecraft:sugar_cane":4,"minecraft:raw_iron":50,"minecraft:redstone":68,"alexsmobs:crocodile_scute":2,"minecraft:tnt":8,"minecraft:arrow":13,"biomesoplenty:cattail":1,"minecraft:hay_block":4,"minecraft:gold_ingot":3,"minecraft:mutton":42,"minecraft:rail":12,"minecraft:white_wool":21,"minecraft:stripped_oak_log":2,"born_in_chaos_v1:corpse_maggot":6,"born_in_chaos_v1:monster_flesh":4,"minecraft:leather":23,"easy_emerald:obsidian_paxel":1,"minecraft:oak_log":30,"minecraft:cooked_mutton":1,"minecraft:apple":1,"minecraft:glass_bottle":1,"minecraft:mangrove_planks":2,"minecraft:book":18,"minecraft:pumpkin":1,"minecraft:sweet_berries":25,"minecraft:stone_brick_slab":1,"born_in_chaos_v1:ethereal_spirit":2,"minecraft:white_bed":13,"minecraft:spruce_log":2,"minecraft:crying_obsidian":2,"minecraft:spider_eye":5,"minecraft:stripped_jungle_log":4,"alexsmobs:raw_catfish":3,"minecraft:gray_wool":1,"minecraft:baked_potato":2,"minecraft:melon_seeds":3,"minecraft:coal":157,"minecraft:sunflower":1},"minecraft:killed_by":{"minecraft:creeper":1,"alexsmobs:crocodile":3,"minecraft:zombie":1,"minecraft:skeleton":1,"born_in_chaos_v1:maggot":1},"minecraft:custom":{"minecraft:interact_with_crafting_table":83,"minecraft:open_barrel":2,"minecraft:leave_game":4,"minecraft:time_since_death":44851,"minecraft:sprint_one_cm":808224,"minecraft:damage_blocked_by_shield":1665,"minecraft:drop":205,"minecraft:play_noteblock":1,"minecraft:play_time":247353,"minecraft:deaths":8,"minecraft:jump":5682,"minecraft:walk_on_water_one_cm":79682,"minecraft:interact_with_furnace":173,"minecraft:sleep_in_bed":10,"minecraft:damage_dealt":22249,"minecraft:crouch_one_cm":61090,"minecraft:interact_with_smoker":1,"minecraft:horse_one_cm":50627,"minecraft:mob_kills":150,"minecraft:damage_dealt_resisted":113,"minecraft:climb_one_cm":1864,"minecraft:walk_one_cm":723722,"minecraft:sneak_time":19061,"minecraft:walk_under_water_one_cm":35514,"minecraft:boat_one_cm":322999,"minecraft:total_world_time":247353,"minecraft:interact_with_stonecutter":1,"minecraft:time_since_rest":44926,"minecraft:damage_taken":7709,"minecraft:swim_one_cm":13314,"minecraft:fly_one_cm":1091997,"minecraft:open_chest":61,"minecraft:fall_one_cm":174462},"minecraft:dropped":{"minecraft:lapis_lazuli":26,"minecraft:baked_potato":2,"minecraft:glass_bottle":3,"minecraft:diamond":3,"minecraft:crafting_table":2,"minecraft:chest_minecart":1,"minecraft:leather":3,"minecraft:saddle":1,"minecraft:rail":12,"alexsmobs:bison_fur":7,"minecraft:cod":1,"born_in_chaos_v1:monster_flesh":3,"minecraft:dirt":4,"born_in_chaos_v1:monster_skin":2,"minecraft:mangrove_stairs":1,"gravestone:obituary":9,"minecraft:sunflower":1,"minecraft:iron_pickaxe":1,"alexsmobs:raccoon_tail":1,"minecraft:white_wool":8,"minecraft:bone":18,"minecraft:sugar_cane":4,"alexsmobs:animal_dictionary":1,"born_in_chaos_v1:ethereal_spirit":2,"minecraft:rotten_flesh":27,"minecraft:cooked_mutton":1,"easy_emerald:obsidian_pickaxe":1,"minecraft:mangrove_fence":8,"minecraft:poppy":1,"born_in_chaos_v1:seedof_chaos":1,"minecraft:melon_seeds":3,"born_in_chaos_v1:corpse_maggot":5,"easy_emerald:obsidian_axe":1,"minecraft:beef":7,"minecraft:crying_obsidian":2,"minecraft:netherrack":2,"minecraft:enchanted_book":1,"minecraft:iron_ingot":2,"minecraft:bread":49,"born_in_chaos_v1:intoxicating_decoction":2,"born_in_chaos_v1:shattered_skull":1,"minecraft:wheat_seeds":14,"minecraft:lilac":1,"minecraft:mossy_cobblestone":1,"minecraft:cobblestone":19,"minecraft:iron_helmet":1,"minecraft:feather":6,"biomesoplenty:cattail":1,"minecraft:granite":1,"alexsmobs:raw_catfish":3,"minecraft:stick":8,"minecraft:gray_wool":1,"mca:book_romance":1,"minecraft:diorite":1,"minecraft:iron_leggings":2,"minecraft:iron_axe":1,"minecraft:string":10,"minecraft:spruce_sapling":2,"minecraft:stone_brick_slab":1,"minecraft:redstone":68,"alexsmobs:crocodile_scute":2,"minecraft:sweet_berries":1,"minecraft:oak_trapdoor":1,"minecraft:raw_iron":4,"born_in_chaos_v1:rotten_fish":2,"minecraft:light_gray_wool":1,"minecraft:iron_boots":1,"minecraft:potato":2,"minecraft:oak_button":16,"minecraft:allium":1,"minecraft:iron_chestplate":1,"minecraft:andesite":7,"easy_emerald:obsidian_paxel":1,"minecraft:spider_eye":4,"minecraft:bow":1,"minecraft:stone_pickaxe":1,"minecraft:wooden_pickaxe":1,"minecraft:raw_gold":6,"corail_backpack:backpack_base_0":2,"minecraft:magma_block":6}},"DataVersion":3465}