{"stats":{"minecraft:crafted":{"minecraft:oak_planks":84,"minecraft:cooked_chicken":8,"minecraft:furnace":5,"easy_emerald:obsidian_leggings":1,"minecraft:cooked_mutton":5,"minecraft:bow":1,"minecraft:iron_boots":1,"minecraft:iron_axe":1,"minecraft:stone_pickaxe":1,"minecraft:oak_button":16,"minecraft:cooked_beef":19,"easy_emerald:obsidian_body":1,"easy_emerald:obsidian_pickaxe":1,"minecraft:arrow":20,"minecraft:cooked_porkchop":1,"minecraft:crafting_table":11,"minecraft:spruce_planks":8,"minecraft:wooden_pickaxe":1,"minecraft:baked_potato":14,"minecraft:stone_axe":1,"minecraft:air":0,"biomesoplenty:fir_planks":24,"minecraft:diamond_pickaxe":1,"minecraft:shield":1,"minecraft:stick":32,"minecraft:iron_ingot":20,"minecraft:iron_pickaxe":1,"easy_emerald:obsidian_axe":1,"minecraft:iron_leggings":1,"minecraft:torch":44},"minecraft:killed":{"born_in_chaos_v1:zombie_clown":2,"born_in_chaos_v1:restless_spirit":2,"alexsmobs:raccoon":2,"minecraft:spider":2,"born_in_chaos_v1:maggot":10,"minecraft:skeleton":4,"minecraft:chicken":18,"alexsmobs:bison":2,"minecraft:pig":2,"born_in_chaos_v1:baby_skeleton":2,"born_in_chaos_v1:decrepit_skeleton":6,"minecraft:sheep":18,"born_in_chaos_v1:zombie_fisherman":2,"minecraft:zombie":14,"born_in_chaos_v1:dread_hound":2,"minecraft:cow":14},"minecraft:broken":{"minecraft:stone_axe":1},"minecraft:used":{"born_in_chaos_v1:intoxicating_decoction":1,"minecraft:shield":8,"minecraft:cooked_chicken":7,"minecraft:torch":36,"minecraft:dirt":28,"minecraft:granite":1,"minecraft:iron_axe":9,"minecraft:sweet_berries":48,"minecraft:furnace":9,"minecraft:oak_sapling":2,"minecraft:cooked_beef":2,"minecraft:cobbled_deepslate":48,"minecraft:cooked_mutton":4,"minecraft:water_bucket":18,"minecraft:stone_pickaxe":106,"minecraft:baked_potato":12,"minecraft:wooden_pickaxe":16,"minecraft:white_wool":4,"minecraft:tnt":1,"minecraft:crafting_table":10,"minecraft:white_bed":8,"minecraft:diamond_pickaxe":77,"minecraft:bread":8,"minecraft:iron_pickaxe":65,"minecraft:stone_axe":93,"minecraft:cobblestone":23,"minecraft:cooked_porkchop":1,"minecraft:bucket":18,"easy_emerald:obsidian_axe":96,"alexsmobs:animal_dictionary":1,"minecraft:stripped_oak_log":2},"minecraft:mined":{"minecraft:white_bed":9,"minecraft:mossy_cobblestone":1,"minecraft:deepslate_diamond_ore":7,"minecraft:obsidian":16,"minecraft:chiseled_bookshelf":1,"minecraft:granite":1,"gravestone:gravestone":3,"minecraft:grass_block":8,"minecraft:large_fern":1,"minecraft:oak_trapdoor":1,"minecraft:furnace":6,"minecraft:iron_ore":11,"minecraft:cobbled_deepslate":5,"minecraft:bookshelf":6,"minecraft:deepslate_iron_ore":9,"minecraft:oak_stairs":1,"minecraft:stripped_oak_log":2,"minecraft:stone":54,"minecraft:deepslate_redstone_ore":12,"minecraft:glass_pane":5,"minecraft:crafting_table":1,"minecraft:torch":1,"minecraft:cobblestone":13,"minecraft:tall_grass":13,"biomesoplenty:sprout":3,"minecraft:deepslate_gold_ore":4,"minecraft:oak_planks":3,"minecraft:wall_torch":2,"minecraft:sweet_berry_bush":5,"minecraft:gray_bed":1,"minecraft:black_bed":1,"minecraft:tnt":4,"biomesoplenty:fir_log":6,"minecraft:grass":26,"minecraft:coal_ore":42,"minecraft:oak_log":22,"minecraft:dirt":9,"minecraft:gold_ore":2,"minecraft:oak_leaves":8,"minecraft:deepslate":54},"minecraft:picked_up":{"minecraft:iron_chestplate":1,"minecraft:crafting_table":1,"minecraft:allium":1,"minecraft:chicken":9,"minecraft:oak_stairs":1,"gravestone:obituary":3,"minecraft:oak_trapdoor":1,"minecraft:string":4,"born_in_chaos_v1:intoxicating_decoction":2,"minecraft:cobbled_deepslate":56,"minecraft:beef":25,"alexsmobs:raccoon_tail":1,"minecraft:furnace":6,"minecraft:raw_iron":20,"born_in_chaos_v1:shattered_skull":1,"minecraft:torch":2,"minecraft:porkchop":1,"minecraft:redstone":26,"minecraft:tnt":4,"minecraft:arrow":2,"minecraft:rotten_flesh":9,"minecraft:mutton":12,"minecraft:obsidian":15,"minecraft:white_wool":8,"minecraft:cobblestone":67,"minecraft:stripped_oak_log":2,"born_in_chaos_v1:corpse_maggot":1,"minecraft:magma_block":2,"minecraft:cooked_beef":3,"minecraft:feather":10,"born_in_chaos_v1:monster_flesh":2,"minecraft:water_bucket":1,"minecraft:leather":5,"biomesoplenty:fir_log":6,"minecraft:oak_log":21,"minecraft:dirt":28,"born_in_chaos_v1:monster_skin":2,"minecraft:bone":8,"minecraft:apple":1,"minecraft:wheat_seeds":5,"minecraft:raw_gold":6,"minecraft:glass_bottle":1,"minecraft:oak_planks":2,"minecraft:book":18,"minecraft:sweet_berries":25,"born_in_chaos_v1:ethereal_spirit":2,"minecraft:white_bed":9,"minecraft:spider_eye":1,"minecraft:mossy_cobblestone":1,"minecraft:diamond":8,"minecraft:granite":1,"minecraft:gray_wool":1,"born_in_chaos_v1:rotten_fish":2,"minecraft:oak_sapling":3,"minecraft:coal":60},"minecraft:killed_by":{"minecraft:skeleton":1,"minecraft:zombie":1,"born_in_chaos_v1:maggot":1},"minecraft:custom":{"minecraft:mob_kills":52,"minecraft:interact_with_crafting_table":53,"minecraft:leave_game":1,"minecraft:time_since_death":76408,"minecraft:climb_one_cm":642,"minecraft:sprint_one_cm":278256,"minecraft:walk_one_cm":270171,"minecraft:damage_blocked_by_shield":495,"minecraft:drop":79,"minecraft:play_noteblock":1,"minecraft:play_time":92766,"minecraft:deaths":3,"minecraft:sneak_time":8682,"minecraft:walk_under_water_one_cm":12601,"minecraft:jump":2080,"minecraft:walk_on_water_one_cm":37926,"minecraft:total_world_time":92766,"minecraft:interact_with_furnace":121,"minecraft:interact_with_stonecutter":1,"minecraft:sleep_in_bed":6,"minecraft:time_since_rest":6018,"minecraft:damage_taken":2635,"minecraft:damage_dealt":6685,"minecraft:swim_one_cm":1946,"minecraft:fly_one_cm":334739,"minecraft:open_chest":14,"minecraft:crouch_one_cm":23736,"minecraft:fall_one_cm":55332},"minecraft:dropped":{"minecraft:bread":6,"minecraft:iron_ingot":2,"born_in_chaos_v1:intoxicating_decoction":1,"minecraft:wheat_seeds":5,"minecraft:baked_potato":2,"minecraft:mossy_cobblestone":1,"minecraft:glass_bottle":2,"minecraft:diamond":3,"minecraft:crafting_table":2,"minecraft:feather":5,"minecraft:cobblestone":5,"mca:book_romance":1,"minecraft:iron_leggings":1,"gravestone:obituary":6,"minecraft:iron_axe":1,"alexsmobs:raccoon_tail":1,"minecraft:white_wool":1,"minecraft:spruce_sapling":2,"minecraft:redstone":26,"minecraft:sweet_berries":1,"minecraft:oak_trapdoor":1,"alexsmobs:animal_dictionary":1,"born_in_chaos_v1:rotten_fish":2,"minecraft:raw_iron":4,"minecraft:cooked_mutton":1,"easy_emerald:obsidian_pickaxe":1,"minecraft:oak_button":16,"minecraft:allium":1,"minecraft:iron_chestplate":1,"born_in_chaos_v1:corpse_maggot":1,"minecraft:stone_pickaxe":1,"minecraft:wooden_pickaxe":1,"minecraft:raw_gold":6,"minecraft:magma_block":2}},"DataVersion":3465}