{"stats":{"minecraft:crafted":{"minecraft:cooked_beef":3,"minecraft:cooked_cod":4,"minecraft:oak_planks":24,"minecraft:crafting_table":1,"minecraft:spruce_planks":12,"minecraft:wooden_pickaxe":1,"easy_emerald:copper_boots":1,"minecraft:furnace":2,"minecraft:cooked_salmon":2,"minecraft:copper_ingot":62,"minecraft:stone_axe":1,"minecraft:air":0,"easy_emerald:copper_leggings":1,"easy_emerald:copper_head":1,"easy_emerald:copper_body":1,"minecraft:stick":8,"minecraft:iron_ingot":3,"minecraft:stone_pickaxe":2,"minecraft:wooden_axe":1},"minecraft:killed":{"born_in_chaos_v1:barrel_zombie":2,"minecraft:pig":2,"alexsmobs:raccoon":2,"minecraft:salmon":10,"minecraft:spider":2,"minecraft:cod":8,"born_in_chaos_v1:maggot":8,"born_in_chaos_v1:bloody_gadfly":2,"minecraft:zombie":12,"alexsmobs:terrapin":2,"born_in_chaos_v1:corpse_fly":10,"alexsmobs:bison":4,"minecraft:cow":6},"minecraft:broken":{"minecraft:wooden_axe":1,"minecraft:wooden_pickaxe":1},"minecraft:used":{"minecraft:beetroot":1,"minecraft:wheat_seeds":9,"minecraft:stone_pickaxe":68,"minecraft:oak_planks":8,"minecraft:wooden_pickaxe":47,"born_in_chaos_v1:fried_maggot":11,"minecraft:cooked_salmon":4,"minecraft:rotten_flesh":5,"minecraft:torch":2,"minecraft:dirt":1,"minecraft:crafting_table":2,"minecraft:wooden_axe":36,"minecraft:stone_axe":51,"minecraft:magma_block":2,"minecraft:potion":1,"minecraft:purple_bed":1,"minecraft:cooked_cod":4,"minecraft:furnace":2,"minecraft:cooked_porkchop":1,"alexsmobs:animal_dictionary":2,"minecraft:potato":1,"minecraft:cooked_beef":3,"minecraft:bone_meal":1,"minecraft:pumpkin":1},"minecraft:mined":{"minecraft:kelp_plant":2,"minecraft:dandelion":1,"minecraft:torch":1,"minecraft:crafting_table":2,"gravestone:gravestone":6,"minecraft:grass_block":1,"minecraft:tall_grass":2,"minecraft:copper_ore":24,"minecraft:kelp":1,"minecraft:large_fern":1,"minecraft:purple_bed":1,"minecraft:magma_block":4,"minecraft:iron_ore":2,"minecraft:wheat":3,"minecraft:pumpkin":7,"minecraft:grass":73,"minecraft:oak_log":6,"minecraft:coal_ore":14,"minecraft:deepslate_iron_ore":4,"minecraft:stone":36,"minecraft:fern":30},"minecraft:picked_up":{"born_in_chaos_v1:corpse_maggot":11,"minecraft:crafting_table":2,"minecraft:magma_block":3,"minecraft:wheat":1,"minecraft:feather":2,"minecraft:prismarine_shard":6,"minecraft:salmon":4,"minecraft:leather":3,"minecraft:potato":1,"alexsmobs:bison_fur":2,"minecraft:potion":1,"minecraft:oak_log":6,"gravestone:obituary":1,"minecraft:string":1,"minecraft:blue_bed":1,"minecraft:dirt":2,"minecraft:raw_copper":89,"minecraft:cooked_salmon":2,"minecraft:beetroot":1,"minecraft:kelp":8,"minecraft:wheat_seeds":9,"minecraft:beef":21,"alexsmobs:raccoon_tail":1,"minecraft:oak_planks":8,"minecraft:book":1,"biomesoplenty:toadstool":2,"minecraft:stick":2,"minecraft:raw_iron":5,"minecraft:cooked_porkchop":1,"minecraft:pumpkin":9,"minecraft:torch":10,"minecraft:dandelion":1,"minecraft:porkchop":1,"minecraft:spruce_log":3,"minecraft:spider_eye":1,"born_in_chaos_v1:fried_maggot":11,"minecraft:purple_bed":1,"minecraft:rotten_flesh":13,"minecraft:bone_meal":1,"minecraft:oak_button":15,"minecraft:oak_sapling":3,"minecraft:cod":4,"minecraft:coal":16,"minecraft:cobblestone":35},"minecraft:killed_by":{"minecraft:skeleton":1,"minecraft:zombie":1,"born_in_chaos_v1:corpse_fly":2,"alexsmobs:bison":1},"minecraft:custom":{"minecraft:interact_with_furnace":47,"minecraft:mob_kills":36,"minecraft:interact_with_crafting_table":11,"minecraft:interact_with_campfire":14,"minecraft:bell_ring":3,"minecraft:damage_dealt_resisted":10,"minecraft:leave_game":2,"minecraft:time_since_death":12851,"minecraft:sleep_in_bed":3,"minecraft:time_since_rest":12877,"minecraft:sprint_one_cm":264942,"minecraft:damage_taken":2462,"minecraft:walk_one_cm":244070,"minecraft:drop":41,"minecraft:damage_dealt":4723,"minecraft:swim_one_cm":25282,"minecraft:fly_one_cm":318422,"minecraft:open_chest":8,"minecraft:crouch_one_cm":2046,"minecraft:play_time":77344,"minecraft:deaths":6,"minecraft:sneak_time":1051,"minecraft:walk_under_water_one_cm":30651,"minecraft:jump":1502,"minecraft:walk_on_water_one_cm":13949,"minecraft:total_world_time":77344,"minecraft:fall_one_cm":49763},"minecraft:dropped":{"biomesoplenty:toadstool":2,"minecraft:kelp":2,"minecraft:glass_bottle":1,"minecraft:crafting_table":1,"minecraft:feather":2,"minecraft:rotten_flesh":6,"minecraft:oak_planks":8,"minecraft:dirt":1,"minecraft:oak_button":15,"minecraft:spruce_planks":12,"minecraft:pumpkin":2,"gravestone:obituary":7,"minecraft:spider_eye":1,"minecraft:magma_block":1,"minecraft:string":1,"minecraft:dandelion":1}},"DataVersion":3465}