{"stats":{"minecraft:killed":{"born_in_chaos_v1:pumpkin_spirit":2,"minecraft:spider":2,"born_in_chaos_v1:maggot":2,"minecraft:horse":2,"minecraft:chicken":2,"alexsmobs:bison":2,"sleep_tight:bedbug":2,"minecraft:pig":4,"born_in_chaos_v1:diamond_termite":4,"minecraft:salmon":8,"minecraft:sheep":2,"alexsmobs:catfish":4,"born_in_chaos_v1:bloody_gadfly":2,"born_in_chaos_v1:corpse_fly":4,"alexsmobs:crow":2,"minecraft:cow":2},"minecraft:crafted":{"minecraft:oak_planks":336,"minecraft:cooked_chicken":1,"easy_emerald:copper_boots":1,"minecraft:furnace":4,"minecraft:spruce_fence":69,"minecraft:cooked_mutton":2,"easy_emerald:copper_leggings":1,"easy_emerald:copper_head":1,"easy_emerald:copper_body":1,"minecraft:iron_axe":1,"minecraft:stone_pickaxe":1,"minecraft:chest":2,"minecraft:stone_hoe":1,"minecraft:oak_fence":18,"minecraft:wheat":9,"minecraft:cooked_beef":21,"minecraft:crafting_table":4,"minecraft:spruce_planks":100,"minecraft:wooden_pickaxe":1,"minecraft:baked_potato":18,"minecraft:spruce_door":3,"minecraft:cooked_salmon":5,"minecraft:copper_ingot":26,"minecraft:bucket":1,"minecraft:bread":6,"minecraft:air":0,"biomesoplenty:fir_planks":56,"minecraft:oak_fence_gate":2,"minecraft:stick":116,"minecraft:iron_ingot":17,"minecraft:iron_pickaxe":1,"minecraft:wooden_axe":2,"easy_emerald:obsidian_axe":1,"minecraft:torch":56,"minecraft:lapis_block":2},"minecraft:broken":{"minecraft:wooden_axe":2},"minecraft:used":{"easy_emerald:copper_body":1,"minecraft:oak_fence":8,"minecraft:chest":4,"minecraft:cooked_salmon":4,"minecraft:cooked_chicken":1,"minecraft:stone_hoe":12,"minecraft:torch":27,"minecraft:dirt":49,"minecraft:carrot":1,"minecraft:spruce_fence":70,"minecraft:oak_fence_gate":2,"minecraft:wooden_axe":57,"minecraft:iron_axe":83,"minecraft:beef":5,"minecraft:sweet_berries":3,"minecraft:furnace":7,"minecraft:egg":3,"minecraft:cooked_beef":2,"minecraft:potato":17,"minecraft:wheat_seeds":2,"minecraft:cooked_mutton":3,"minecraft:water_bucket":14,"minecraft:spruce_door":2,"minecraft:stone_pickaxe":123,"minecraft:oak_planks":128,"minecraft:wooden_pickaxe":10,"minecraft:salmon":1,"minecraft:sand":10,"minecraft:crafting_table":9,"minecraft:red_bed":8,"minecraft:cod":1,"minecraft:spruce_log":12,"minecraft:bread":6,"minecraft:iron_pickaxe":2,"minecraft:cobblestone":17,"minecraft:porkchop":2,"minecraft:bucket":15,"easy_emerald:obsidian_axe":62},"minecraft:mined":{"minecraft:tuff":1,"gravestone:gravestone":3,"minecraft:grass_block":46,"minecraft:spruce_fence":2,"minecraft:furnace":3,"minecraft:carrots":1,"minecraft:iron_ore":15,"minecraft:potatoes":1,"minecraft:deepslate_iron_ore":3,"minecraft:dirt_path":2,"minecraft:stone":78,"minecraft:red_bed":8,"minecraft:crafting_table":5,"minecraft:torch":2,"minecraft:poppy":1,"minecraft:chest":2,"minecraft:copper_ore":12,"minecraft:cobblestone":1,"minecraft:lapis_ore":4,"minecraft:oak_planks":11,"minecraft:deepslate_copper_ore":1,"minecraft:spruce_log":11,"biomesoplenty:fir_log":16,"minecraft:grass":8,"minecraft:oak_log":18,"minecraft:coal_ore":14,"minecraft:sand":47,"minecraft:dirt":4,"minecraft:oak_leaves":6,"minecraft:deepslate":2},"minecraft:picked_up":{"minecraft:wooden_axe":1,"minecraft:seagrass":1,"born_in_chaos_v1:diamond_termite_shard":2,"minecraft:crafting_table":6,"minecraft:wheat":18,"minecraft:chicken":1,"gravestone:obituary":2,"minecraft:lapis_block":2,"minecraft:red_bed":8,"minecraft:raw_copper":108,"minecraft:cobbled_deepslate":2,"minecraft:spruce_planks":12,"minecraft:beef":8,"minecraft:poppy":1,"minecraft:chest":2,"minecraft:furnace":3,"minecraft:stick":3,"minecraft:raw_iron":19,"minecraft:copper_ingot":4,"minecraft:torch":11,"minecraft:spruce_fence":2,"minecraft:porkchop":2,"minecraft:carrot":2,"minecraft:rotten_flesh":5,"minecraft:hay_block":1,"sleep_tight:bedbug_eggs":1,"minecraft:mutton":2,"minecraft:cod":1,"minecraft:cobblestone":108,"minecraft:white_wool":1,"born_in_chaos_v1:corpse_maggot":4,"minecraft:feather":2,"minecraft:salmon":6,"minecraft:leather":4,"minecraft:potato":21,"biomesoplenty:fir_log":15,"minecraft:tuff":1,"minecraft:oak_log":84,"minecraft:lapis_lazuli":26,"minecraft:dirt":51,"minecraft:cooked_mutton":1,"minecraft:wheat_seeds":29,"minecraft:glass_bottle":1,"minecraft:oak_planks":11,"minecraft:sweet_berries":5,"born_in_chaos_v1:ethereal_spirit":1,"easy_emerald:obsidian_axe":1,"minecraft:sand":46,"minecraft:spruce_log":37,"minecraft:oak_button":1,"minecraft:oak_sapling":4,"minecraft:coal":27},"minecraft:killed_by":{"minecraft:skeleton":1},"minecraft:dropped":{"minecraft:feather":1,"minecraft:wooden_axe":1,"minecraft:potion":1,"gravestone:obituary":5,"minecraft:rotten_flesh":4,"minecraft:oak_button":1,"minecraft:iron_chestplate":2,"born_in_chaos_v1:diamond_termite_shard":2,"easy_emerald:obsidian_axe":1},"minecraft:custom":{"minecraft:mob_kills":24,"minecraft:interact_with_crafting_table":41,"minecraft:leave_game":3,"minecraft:time_since_death":23921,"minecraft:climb_one_cm":357,"minecraft:sprint_one_cm":230990,"minecraft:walk_one_cm":344549,"minecraft:drop":17,"minecraft:play_time":96557,"minecraft:deaths":3,"minecraft:sneak_time":2280,"minecraft:walk_under_water_one_cm":19564,"minecraft:jump":1719,"minecraft:walk_on_water_one_cm":10105,"minecraft:total_world_time":96557,"minecraft:interact_with_furnace":71,"minecraft:sleep_in_bed":5,"minecraft:time_since_rest":23943,"minecraft:damage_taken":1502,"minecraft:damage_dealt":3266,"minecraft:swim_one_cm":35604,"minecraft:fly_one_cm":281189,"minecraft:open_chest":64,"minecraft:crouch_one_cm":8676,"minecraft:fall_one_cm":53043}},"DataVersion":3465}