{"stats":{"minecraft:killed_by":{"born_in_chaos_v1:dark_vortex":1,"man:managgresive":1,"minecraft:skeleton":1},"minecraft:crafted":{"minecraft:oak_planks":20},"minecraft:mined":{"gravestone:gravestone":3,"minecraft:grass":1,"minecraft:oak_log":5,"minecraft:moss_carpet":2,"minecraft:oak_leaves":23},"minecraft:used":{"minecraft:apple":1,"minecraft:oak_planks":16},"minecraft:killed":{"born_in_chaos_v1:corpse_fly":2},"minecraft:picked_up":{"minecraft:stick":2,"minecraft:rotten_flesh":2,"minecraft:apple":1,"minecraft:oak_log":5,"minecraft:oak_sapling":4,"minecraft:moss_carpet":1},"minecraft:custom":{"minecraft:time_since_rest":2705,"minecraft:damage_taken":1240,"minecraft:crouch_one_cm":106,"minecraft:play_time":11215,"minecraft:walk_under_water_one_cm":770,"minecraft:sprint_one_cm":28168,"minecraft:walk_one_cm":32470,"minecraft:deaths":3,"minecraft:sneak_time":19,"minecraft:mob_kills":1,"minecraft:jump":286,"minecraft:damage_dealt_resisted":23,"minecraft:damage_dealt":270,"minecraft:leave_game":3,"minecraft:time_since_death":2674,"minecraft:walk_on_water_one_cm":238,"minecraft:total_world_time":11215,"minecraft:swim_one_cm":6155,"minecraft:fall_one_cm":11687,"minecraft:fly_one_cm":49913}},"DataVersion":3465}