{"stats":{"minecraft:mined":{"minecraft:dark_oak_planks":1,"minecraft:spruce_planks":25,"minecraft:farmland":26,"minecraft:grass_block":248,"minecraft:spruce_leaves":21,"biomesoplenty:jacaranda_log":16,"minecraft:carrots":2,"minecraft:furnace":3,"minecraft:iron_ore":13,"biomesoplenty:lavender":1,"minecraft:potatoes":5,"minecraft:stone":487,"minecraft:ender_chest":3,"biomesoplenty:jacaranda_leaves":2,"minecraft:oak_fence":10,"minecraft:crafting_table":8,"minecraft:torch":6,"minecraft:rose_bush":10,"minecraft:copper_ore":17,"minecraft:cobblestone":78,"biomesoplenty:sprout":24,"minecraft:oak_planks":94,"minecraft:wall_torch":16,"minecraft:spruce_log":31,"minecraft:black_bed":4,"biomesoplenty:fir_log":11,"minecraft:grass":11,"minecraft:coal_ore":117,"minecraft:oak_log":21,"minecraft:oak_fence_gate":1,"minecraft:gravel":1,"minecraft:dirt":846,"minecraft:oak_leaves":48,"minecraft:fern":1},"minecraft:picked_up":{"minecraft:crafting_table":8,"minecraft:wheat":17,"easy_emerald:copper_pickaxe":4,"minecraft:raw_copper":63,"easy_emerald:copper_hammer":4,"minecraft:beetroot":15,"minecraft:spruce_planks":23,"minecraft:beef":5,"easy_emerald:copper_leggings":5,"minecraft:rose_bush":11,"minecraft:poppy":2,"minecraft:iron_pickaxe":2,"minecraft:furnace":3,"minecraft:stick":21,"minecraft:raw_iron":17,"minecraft:oak_fence":74,"minecraft:torch":440,"minecraft:porkchop":11,"minecraft:carrot":73,"minecraft:arrow":4,"minecraft:rotten_flesh":18,"biomesoplenty:jacaranda_log":32,"minecraft:cow_spawn_egg":2,"easy_emerald:copper_paxel":5,"minecraft:mutton":5,"minecraft:obsidian":24,"minecraft:white_wool":4,"minecraft:cobblestone":1694,"biomesoplenty:lavender":1,"minecraft:cooked_beef":37,"minecraft:water_bucket":4,"minecraft:black_bed":6,"minecraft:leather":4,"minecraft:potato":77,"biomesoplenty:fir_log":9,"alexscaves:cave_book":2,"minecraft:oak_log":390,"minecraft:gunpowder":2,"mca:book_romance":4,"minecraft:dirt":1049,"easy_emerald:copper_head":5,"minecraft:cooked_mutton":12,"minecraft:bone":4,"easy_emerald:copper_boots":5,"minecraft:wheat_seeds":44,"minecraft:oak_fence_gate":9,"minecraft:oak_planks":96,"minecraft:sheep_spawn_egg":2,"minecraft:cooked_porkchop":31,"minecraft:sweet_berries":6,"minecraft:dandelion":1,"minecraft:gravel":5,"minecraft:spruce_sapling":24,"minecraft:grass_block":1,"minecraft:spruce_log":197,"minecraft:dark_oak_fence_gate":6,"minecraft:stone_axe":3,"minecraft:oak_sapling":4,"minecraft:dark_oak_fence":66,"minecraft:coal":408,"easy_emerald:copper_body":5,"minecraft:diamond_pickaxe":3},"minecraft:killed_by":{"alexsmobs:bison":1,"minecraft:skeleton":3},"minecraft:broken":{"easy_emerald:copper_hammer":1,"minecraft:stone_pickaxe":1,"minecraft:stone_axe":2,"minecraft:wooden_axe":1},"minecraft:crafted":{"minecraft:oak_planks":688,"minecraft:stone_shovel":1,"easy_emerald:copper_axe":1,"minecraft:furnace":2,"easy_emerald:copper_boots":1,"easy_emerald:copper_pickaxe":2,"easy_emerald:obsidian_leggings":1,"minecraft:cooked_mutton":5,"easy_emerald:copper_leggings":1,"easy_emerald:copper_head":1,"easy_emerald:copper_body":1,"minecraft:stone_pickaxe":1,"minecraft:chest":4,"minecraft:cooked_beef":5,"easy_emerald:obsidian_body":1,"minecraft:cooked_porkchop":11,"minecraft:crafting_table":6,"minecraft:spruce_planks":596,"minecraft:wooden_pickaxe":1,"easy_emerald:obsidian_boots":1,"minecraft:copper_ingot":34,"minecraft:bucket":1,"minecraft:stone_axe":4,"minecraft:air":0,"easy_emerald:obsidian_hoe":1,"minecraft:stick":80,"minecraft:iron_ingot":3,"minecraft:iron_pickaxe":1,"minecraft:wooden_axe":2,"easy_emerald:obsidian_axe":1,"minecraft:torch":160},"minecraft:dropped":{"minecraft:water_bucket":2,"minecraft:cooked_beef":22,"minecraft:cooked_porkchop":7,"biomesoplenty:lavender":1,"minecraft:oak_fence":64,"minecraft:black_bed":1,"easy_emerald:copper_leggings":1,"minecraft:sheep_spawn_egg":2,"minecraft:grass_block":1,"minecraft:coal":128,"easy_emerald:copper_paxel":1,"minecraft:dark_oak_fence":66,"minecraft:rose_bush":2,"easy_emerald:copper_head":1,"easy_emerald:copper_body":1,"minecraft:sweet_berries":6,"minecraft:iron_nugget":2,"minecraft:beetroot":15,"minecraft:rotten_flesh":5,"easy_emerald:copper_boots":1,"minecraft:dark_oak_fence_gate":6,"minecraft:carrot":64,"minecraft:oak_fence_gate":8,"minecraft:potato":64,"minecraft:spruce_planks":1,"minecraft:cow_spawn_egg":2},"minecraft:custom":{"minecraft:mob_kills":22,"minecraft:interact_with_crafting_table":38,"minecraft:leave_game":11,"minecraft:time_since_death":164312,"minecraft:sprint_one_cm":264510,"minecraft:walk_one_cm":691627,"minecraft:drop":33,"minecraft:play_time":274402,"minecraft:deaths":5,"minecraft:sneak_time":16100,"minecraft:walk_under_water_one_cm":51003,"minecraft:jump":3127,"minecraft:walk_on_water_one_cm":40083,"minecraft:total_world_time":274402,"minecraft:interact_with_furnace":23,"minecraft:sleep_in_bed":6,"minecraft:time_since_rest":65193,"minecraft:open_enderchest":8,"minecraft:damage_taken":3401,"minecraft:damage_dealt":3253,"minecraft:swim_one_cm":68983,"minecraft:fly_one_cm":592291,"minecraft:open_chest":65,"minecraft:crouch_one_cm":36151,"minecraft:fall_one_cm":93807},"minecraft:used":{"minecraft:oak_fence":24,"minecraft:rose_bush":2,"minecraft:stone_shovel":96,"minecraft:spruce_planks":398,"minecraft:chest":4,"minecraft:ender_chest":5,"minecraft:torch":73,"minecraft:dirt":350,"minecraft:carrot":37,"minecraft:oak_fence_gate":2,"minecraft:wooden_axe":22,"minecraft:grass_block":32,"easy_emerald:copper_paxel":35,"minecraft:furnace":4,"minecraft:potato":71,"minecraft:cooked_beef":12,"minecraft:cooked_mutton":5,"minecraft:water_bucket":130,"easy_emerald:copper_axe":2,"minecraft:cow_spawn_egg":2,"minecraft:stone_pickaxe":131,"minecraft:oak_planks":663,"easy_emerald:copper_pickaxe":26,"easy_emerald:obsidian_hammer":31,"minecraft:wooden_pickaxe":23,"minecraft:sheep_spawn_egg":2,"minecraft:crafting_table":13,"minecraft:black_bed":5,"minecraft:spruce_log":2,"minecraft:diamond_pickaxe":298,"easy_emerald:obsidian_hoe":55,"easy_emerald:copper_hammer":223,"minecraft:stone_axe":128,"minecraft:cobblestone":102,"minecraft:cooked_porkchop":12,"minecraft:bucket":104,"easy_emerald:obsidian_axe":216,"alexsmobs:animal_dictionary":1},"minecraft:killed":{"minecraft:pig":10,"minecraft:creeper":2,"minecraft:sheep":8,"minecraft:zombie":16,"minecraft:cow":4}},"DataVersion":3465}