{"stats":{"minecraft:killed":{"minecraft:pig":4},"minecraft:picked_up":{"minecraft:stick":2,"minecraft:crafting_table":7,"minecraft:torch":1,"minecraft:porkchop":5,"minecraft:oak_log":69,"minecraft:raw_copper":63,"minecraft:wheat_seeds":1,"minecraft:coal":114,"minecraft:cobblestone":45,"minecraft:furnace":2},"minecraft:mined":{"minecraft:furnace":2,"minecraft:crafting_table":7,"minecraft:grass":1,"minecraft:oak_log":9,"minecraft:coal_ore":100,"minecraft:copper_ore":17,"minecraft:stone":45,"minecraft:wall_torch":1},"minecraft:custom":{"minecraft:time_since_rest":7795,"minecraft:interact_with_furnace":9,"minecraft:sprint_one_cm":39618,"minecraft:damage_taken":335,"minecraft:walk_one_cm":45371,"minecraft:mob_kills":2,"minecraft:damage_dealt":280,"minecraft:swim_one_cm":7580,"minecraft:interact_with_crafting_table":16,"minecraft:fly_one_cm":285931,"minecraft:crouch_one_cm":75,"minecraft:play_time":42393,"minecraft:deaths":1,"minecraft:sneak_time":416,"minecraft:walk_under_water_one_cm":2688,"minecraft:jump":310,"minecraft:leave_game":6,"minecraft:time_since_death":7481,"minecraft:walk_on_water_one_cm":3773,"minecraft:total_world_time":42393,"minecraft:fall_one_cm":7690},"minecraft:used":{"minecraft:wooden_axe":22,"easy_emerald:copper_axe":2,"minecraft:stone_pickaxe":131,"easy_emerald:copper_pickaxe":10,"minecraft:wooden_pickaxe":23,"minecraft:torch":3,"minecraft:crafting_table":7,"minecraft:furnace":2,"minecraft:cooked_porkchop":2,"alexsmobs:animal_dictionary":1},"minecraft:broken":{"minecraft:stone_pickaxe":1,"minecraft:wooden_axe":1},"minecraft:crafted":{"minecraft:oak_planks":28,"easy_emerald:copper_head":1,"minecraft:cooked_porkchop":5,"easy_emerald:copper_body":1,"minecraft:crafting_table":1,"easy_emerald:copper_axe":1,"minecraft:stick":20,"minecraft:wooden_pickaxe":1,"minecraft:stone_pickaxe":1,"minecraft:wooden_axe":2,"minecraft:furnace":1,"easy_emerald:copper_boots":1,"minecraft:copper_ingot":34,"minecraft:torch":16,"easy_emerald:copper_pickaxe":2,"minecraft:air":0,"easy_emerald:copper_leggings":1}},"DataVersion":3465}