{"stats":{"minecraft:mined":{"biomesoplenty:fir_leaves":4,"biomesoplenty:fir_log":2},"minecraft:picked_up":{"biomesoplenty:fir_log":2,"biomesoplenty:fir_sapling":1},"minecraft:custom":{"minecraft:jump":1,"minecraft:time_since_rest":1173,"minecraft:sprint_one_cm":282,"minecraft:leave_game":2,"minecraft:play_time":1173,"minecraft:damage_taken":30,"minecraft:time_since_death":1173,"minecraft:walk_one_cm":1738,"minecraft:total_world_time":1173,"minecraft:fall_one_cm":566,"minecraft:fly_one_cm":523}},"DataVersion":3465}