{"stats":{"minecraft:killed_by":{"born_in_chaos_v1:nightmare_stalker":4,"minecraft:creeper":2,"alexsmobs:grizzly_bear":5,"born_in_chaos_v1:dire_hound_leader":2,"minecraft:spider":1,"minecraft:skeleton":4,"born_in_chaos_v1:dread_hound":1},"minecraft:custom":{"minecraft:interact_with_crafting_table":74,"minecraft:open_barrel":5,"minecraft:leave_game":9,"minecraft:time_since_death":62869,"minecraft:damage_resisted":12,"minecraft:sprint_one_cm":970248,"minecraft:damage_blocked_by_shield":2700,"minecraft:drop":135,"minecraft:talked_to_villager":1,"minecraft:play_time":402643,"minecraft:deaths":21,"minecraft:jump":7689,"minecraft:walk_on_water_one_cm":96421,"minecraft:interact_with_furnace":88,"minecraft:interact_with_cartography_table":1,"minecraft:sleep_in_bed":15,"minecraft:damage_dealt":19762,"minecraft:crouch_one_cm":15033,"minecraft:horse_one_cm":129960,"minecraft:mob_kills":116,"minecraft:damage_dealt_resisted":2983,"minecraft:climb_one_cm":5871,"minecraft:walk_one_cm":1027449,"minecraft:sneak_time":5285,"minecraft:walk_under_water_one_cm":112431,"minecraft:boat_one_cm":1074621,"minecraft:total_world_time":402643,"minecraft:time_since_rest":38463,"minecraft:damage_taken":11090,"minecraft:swim_one_cm":157706,"minecraft:fly_one_cm":1493379,"minecraft:open_chest":230,"minecraft:fall_one_cm":218506},"minecraft:dropped":{"minecraft:iron_sword":2,"minecraft:oak_log":8,"minecraft:baked_potato":1,"minecraft:glow_ink_sac":2,"minecraft:crossbow":3,"minecraft:leather":10,"easy_emerald:copper_leggings":1,"alexsmobs:bison_fur":4,"minecraft:dirt":11,"born_in_chaos_v1:nightmare_stalker_skull":1,"gravestone:obituary":24,"minecraft:gold_nugget":3,"minecraft:sand":1,"minecraft:white_wool":6,"minecraft:bone":14,"minecraft:gravel":2,"minecraft:golden_chestplate":1,"minecraft:cobbled_deepslate":3,"minecraft:wheat":1,"minecraft:obsidian":67,"born_in_chaos_v1:ethereal_spirit":3,"minecraft:rotten_flesh":34,"minecraft:oak_planks":30,"minecraft:leather_chestplate":2,"born_in_chaos_v1:seedof_chaos":1,"born_in_chaos_v1:corpse_maggot":1,"born_in_chaos_v1:diamond_termite_shard":2,"easy_emerald:obsidian_axe":1,"minecraft:arrow":6,"minecraft:crying_obsidian":2,"minecraft:water_bucket":1,"minecraft:iron_ingot":4,"minecraft:golden_helmet":1,"minecraft:cherry_log":2,"minecraft:feather":1,"minecraft:cobblestone":6,"minecraft:prismarine_crystals":6,"minecraft:coal":1,"minecraft:stick":5,"born_in_chaos_v1:gnawed_bones":2,"minecraft:diorite":1,"minecraft:torch":4,"minecraft:wooden_axe":1,"minecraft:potion":1,"minecraft:string":4,"minecraft:potato":1,"minecraft:oak_button":1,"minecraft:iron_chestplate":2,"corail_backpack:backpack_4":1,"easy_emerald:obsidian_paxel":1,"minecraft:mossy_stone_bricks":1,"minecraft:oak_boat":1,"minecraft:oak_sapling":1,"minecraft:slime_ball":2,"minecraft:wooden_pickaxe":1},"minecraft:crafted":{"minecraft:oak_planks":432,"minecraft:cooked_chicken":1,"minecraft:cooked_mutton":2,"easy_emerald:copper_leggings":1,"easy_emerald:copper_head":1,"corail_backpack:backpack_base_4":1,"easy_emerald:obsidian_paxel":1,"minecraft:chest":9,"minecraft:stone_hoe":1,"corail_backpack:addition_crafting_table":1,"minecraft:oak_fence":18,"easy_emerald:obsidian_body":1,"easy_emerald:obsidian_pickaxe":1,"minecraft:crafting_table":5,"minecraft:spruce_planks":124,"easy_emerald:obsidian_boots":1,"corail_backpack:section":1,"minecraft:wooden_pickaxe":1,"minecraft:baked_potato":56,"minecraft:spruce_door":3,"corail_backpack:backpack_4":2,"minecraft:copper_ingot":26,"biomesoplenty:fir_planks":56,"minecraft:diamond_pickaxe":1,"minecraft:shield":1,"easy_emerald:obsidian_sword":1,"minecraft:stick":150,"minecraft:iron_ingot":17,"minecraft:iron_pickaxe":1,"corail_backpack:chamber":1,"corail_backpack:pocket":2,"minecraft:shears":1,"minecraft:furnace":4,"easy_emerald:copper_boots":1,"minecraft:bone_meal":63,"minecraft:spruce_fence":69,"easy_emerald:obsidian_leggings":1,"easy_emerald:obsidian_shovel":1,"easy_emerald:copper_body":1,"minecraft:iron_axe":2,"minecraft:stone_pickaxe":1,"minecraft:wheat":9,"minecraft:cooked_beef":21,"biomesoplenty:fir_boat":1,"easy_emerald:obsidian_head":1,"minecraft:cooked_salmon":5,"minecraft:bucket":1,"minecraft:stone_axe":2,"born_in_chaos_v1:bone_heart":1,"minecraft:bread":6,"minecraft:air":0,"minecraft:oak_fence_gate":2,"minecraft:oak_boat":6,"easy_emerald:obsidian_hammer":1,"minecraft:wooden_axe":2,"easy_emerald:obsidian_axe":1,"minecraft:torch":148,"minecraft:lapis_block":2},"minecraft:broken":{"easy_emerald:copper_head":1,"minecraft:stone_axe":2,"minecraft:wooden_axe":2,"minecraft:shield":1,"easy_emerald:copper_boots":1},"minecraft:killed":{"born_in_chaos_v1:zombie_clown":2,"minecraft:cave_spider":2,"alexsmobs:anaconda":2,"born_in_chaos_v1:zombie_lumberjack":4,"born_in_chaos_v1:pumpkin_spirit":2,"minecraft:spider":4,"born_in_chaos_v1:siamese_skeletonsright":2,"born_in_chaos_v1:baby_skeleton_minion":8,"born_in_chaos_v1:scarlet_persecutor":4,"minecraft:skeleton":12,"minecraft:chicken":2,"born_in_chaos_v1:skeleton_thrasher":4,"minecraft:pig":4,"sleep_tight:bedbug":2,"minecraft:zombie_villager":2,"born_in_chaos_v1:diamond_termite":12,"minecraft:salmon":8,"minecraft:sheep":2,"minecraft:pillager":6,"minecraft:zombie":36,"born_in_chaos_v1:dread_hound":10,"born_in_chaos_v1:corpse_fly":4,"born_in_chaos_v1:door_knight":4,"born_in_chaos_v1:siamese_skeletonsleft":2,"minecraft:cow":12,"born_in_chaos_v1:thornshell_crab":4,"born_in_chaos_v1:maggot":16,"minecraft:horse":2,"alexsmobs:bison":2,"born_in_chaos_v1:corpse_fish":4,"alexsmobs:flying_fish":12,"born_in_chaos_v1:fallen_chaos_knight":2,"minecraft:frog":2,"born_in_chaos_v1:decrepit_skeleton":12,"alexsmobs:catfish":6,"born_in_chaos_v1:bloody_gadfly":2,"born_in_chaos_v1:nightmare_stalker":2,"alexsmobs:crow":2},"minecraft:mined":{"minecraft:dark_oak_planks":6,"minecraft:spruce_planks":2,"minecraft:obsidian":3,"minecraft:grass_block":111,"minecraft:mangrove_fence":9,"minecraft:tall_seagrass":1,"minecraft:magma_block":2,"minecraft:iron_ore":15,"minecraft:fire":1,"minecraft:dirt_path":3,"minecraft:spruce_slab":1,"minecraft:red_bed":8,"minecraft:torch":5,"minecraft:poppy":1,"minecraft:chest":2,"minecraft:white_stained_glass_pane":2,"minecraft:cobblestone":3,"minecraft:oak_planks":19,"minecraft:wall_torch":1,"minecraft:deepslate_copper_ore":1,"minecraft:seagrass":3,"minecraft:chain":1,"minecraft:wheat":8,"biomesoplenty:fir_log":16,"minecraft:grass":30,"minecraft:oak_log":18,"minecraft:sand":143,"minecraft:dirt":19,"minecraft:oak_leaves":12,"minecraft:deepslate":3,"minecraft:light_blue_stained_glass_pane":2,"minecraft:tuff":1,"minecraft:deepslate_diamond_ore":7,"born_in_chaos_v1:nightmare_stalker_skull":3,"minecraft:dark_oak_log":1,"gravestone:gravestone":21,"minecraft:spruce_fence":2,"minecraft:sandstone":3,"minecraft:furnace":3,"minecraft:carrots":1,"biomesoplenty:sea_oats":2,"minecraft:potatoes":8,"minecraft:deepslate_iron_ore":3,"biomesoplenty:spider_egg":1,"minecraft:stone":136,"minecraft:crafting_table":9,"minecraft:copper_ore":12,"minecraft:lapis_ore":4,"biomesoplenty:sprout":4,"minecraft:diorite":3,"minecraft:spruce_stairs":1,"minecraft:sweet_berry_bush":4,"minecraft:ice":2,"minecraft:spruce_log":11,"minecraft:coal_ore":29,"biomesoplenty:fir_leaves":1,"minecraft:sunflower":1,"minecraft:gravel":2,"minecraft:mossy_stone_bricks":1,"minecraft:fern":15},"minecraft:picked_up":{"minecraft:wooden_axe":1,"minecraft:seagrass":1,"minecraft:wheat":26,"minecraft:lapis_block":2,"minecraft:string":4,"minecraft:raw_copper":108,"minecraft:iron_leggings":1,"minecraft:gold_nugget":3,"minecraft:cobbled_deepslate":5,"minecraft:spruce_planks":14,"minecraft:iron_pickaxe":1,"minecraft:furnace":3,"minecraft:stick":11,"born_in_chaos_v1:shattered_skull":3,"born_in_chaos_v1:phantom_powder":2,"minecraft:torch":27,"minecraft:spruce_stairs":1,"minecraft:porkchop":2,"minecraft:cherry_log":2,"minecraft:diorite":3,"born_in_chaos_v1:nightmare_claw":1,"minecraft:golden_chestplate":1,"minecraft:rotten_flesh":42,"born_in_chaos_v1:sea_terror_eye":2,"minecraft:obsidian":71,"minecraft:cod":3,"alexsmobs:flying_fish":6,"minecraft:cobblestone":171,"born_in_chaos_v1:staffof_magic_arrows":1,"minecraft:magma_block":2,"minecraft:leather_chestplate":1,"minecraft:feather":2,"minecraft:lilac":1,"minecraft:water_bucket":1,"minecraft:potato":70,"biomesoplenty:fir_log":15,"alexsmobs:bison_fur":4,"minecraft:tuff":1,"minecraft:lapis_lazuli":26,"minecraft:dirt":132,"born_in_chaos_v1:nightmare_stalker_skull":4,"born_in_chaos_v1:monster_skin":13,"minecraft:mangrove_fence":5,"minecraft:bone":50,"minecraft:wheat_seeds":58,"biomesoplenty:fir_boat":5,"minecraft:mossy_stone_bricks":1,"minecraft:oak_planks":20,"minecraft:sand":143,"minecraft:lily_of_the_valley":1,"minecraft:dark_oak_log":1,"minecraft:diamond":7,"minecraft:crossbow":3,"minecraft:oak_sapling":12,"born_in_chaos_v1:rotten_fish":15,"born_in_chaos_v1:sea_terror_stomach":1,"minecraft:diamond_pickaxe":1,"minecraft:fishing_rod":1,"minecraft:crafting_table":10,"born_in_chaos_v1:diamond_termite_shard":4,"minecraft:chicken":1,"born_in_chaos_v1:seedof_chaos":3,"minecraft:chain":1,"gravestone:obituary":6,"minecraft:shield":2,"minecraft:red_bed":9,"born_in_chaos_v1:intoxicating_decoction":1,"minecraft:beef":23,"minecraft:oak_boat":3,"born_in_chaos_v1:gnawed_bones":2,"minecraft:poppy":1,"minecraft:spruce_slab":1,"minecraft:chest":2,"minecraft:egg":9,"minecraft:raw_iron":19,"minecraft:sandstone":2,"minecraft:copper_ingot":4,"minecraft:spruce_fence":2,"born_in_chaos_v1:pieceofdarkmetal":7,"minecraft:carrot":2,"minecraft:prismarine_crystals":6,"minecraft:dark_oak_planks":6,"minecraft:arrow":7,"minecraft:hay_block":1,"sleep_tight:bedbug_eggs":1,"born_in_chaos_v1:spiny_shell":6,"minecraft:saddle":1,"minecraft:mutton":2,"minecraft:white_wool":6,"born_in_chaos_v1:fused_bone":4,"born_in_chaos_v1:corpse_maggot":9,"born_in_chaos_v1:monster_flesh":21,"minecraft:glow_ink_sac":2,"minecraft:salmon":6,"minecraft:leather":17,"easy_emerald:obsidian_paxel":1,"minecraft:oak_log":208,"corail_backpack:backpack_4":1,"minecraft:cooked_mutton":1,"minecraft:iron_ingot":10,"minecraft:glass_bottle":1,"minecraft:iron_sword":3,"minecraft:sweet_berries":79,"born_in_chaos_v1:ethereal_spirit":7,"minecraft:gravel":2,"easy_emerald:obsidian_axe":2,"born_in_chaos_v1:fangofthe_hound_leader":3,"minecraft:spruce_log":146,"minecraft:crying_obsidian":2,"alexsmobs:raw_catfish":5,"minecraft:slime_ball":2,"minecraft:oak_button":1,"minecraft:coal":42,"minecraft:ender_pearl":1},"minecraft:used":{"easy_emerald:copper_body":1,"minecraft:chest":10,"minecraft:shield":43,"minecraft:donkey_spawn_egg":1,"minecraft:iron_sword":11,"minecraft:carrot":1,"born_in_chaos_v1:nightmare_stalker_skull":3,"minecraft:sweet_berries":35,"minecraft:furnace":7,"minecraft:oak_sapling":6,"easy_emerald:obsidian_paxel":386,"minecraft:egg":12,"minecraft:potato":28,"minecraft:diorite":2,"minecraft:spruce_door":2,"minecraft:stone_pickaxe":123,"minecraft:oak_planks":148,"easy_emerald:obsidian_hammer":1,"minecraft:wooden_pickaxe":10,"biomesoplenty:fir_planks":7,"biomesoplenty:fir_boat":6,"minecraft:sand":22,"minecraft:bread":36,"easy_emerald:obsidian_axe":285,"minecraft:oak_boat":8,"minecraft:bone_meal":18,"minecraft:oak_fence":8,"born_in_chaos_v1:ethereal_spirit":4,"minecraft:cooked_salmon":5,"minecraft:stone_hoe":12,"minecraft:cooked_chicken":1,"minecraft:torch":111,"minecraft:dirt":119,"minecraft:spruce_fence":70,"minecraft:oak_fence_gate":2,"minecraft:wooden_axe":57,"minecraft:iron_axe":202,"minecraft:beef":5,"minecraft:cooked_beef":21,"minecraft:wheat_seeds":9,"minecraft:cooked_mutton":3,"minecraft:water_bucket":81,"minecraft:baked_potato":51,"minecraft:salmon":1,"minecraft:crafting_table":13,"minecraft:red_bed":9,"easy_emerald:obsidian_sword":163,"minecraft:cod":1,"minecraft:spruce_log":12,"minecraft:diamond_pickaxe":15,"minecraft:iron_pickaxe":52,"born_in_chaos_v1:staffofthe_summoner":31,"minecraft:stone_axe":37,"minecraft:fishing_rod":1,"minecraft:cobblestone":26,"minecraft:porkchop":2,"minecraft:bucket":82}},"DataVersion":3465}