{"stats":{"minecraft:picked_up":{"minecraft:crafting_table":1,"minecraft:oak_log":5},"minecraft:used":{"minecraft:wooden_axe":7,"alexsmobs:animal_dictionary":1,"minecraft:crafting_table":1},"minecraft:mined":{"minecraft:oak_log":9,"minecraft:crafting_table":1},"minecraft:custom":{"minecraft:jump":22,"minecraft:time_since_rest":6026,"minecraft:leave_game":2,"minecraft:play_time":6026,"minecraft:sprint_one_cm":3633,"minecraft:time_since_death":6026,"minecraft:walk_one_cm":4585,"minecraft:total_world_time":6026,"minecraft:interact_with_crafting_table":1,"minecraft:fall_one_cm":685,"minecraft:fly_one_cm":4942},"minecraft:crafted":{"minecraft:crafting_table":1,"minecraft:oak_planks":12,"minecraft:stick":4,"minecraft:wooden_axe":1}},"DataVersion":3465}