{"stats":{"minecraft:mined":{"minecraft:oak_log":9,"minecraft:crafting_table":1},"minecraft:used":{"alexsmobs:animal_dictionary":1,"minecraft:wooden_axe":7,"minecraft:crafting_table":1},"minecraft:crafted":{"minecraft:crafting_table":1,"minecraft:oak_planks":12,"minecraft:stick":4,"minecraft:wooden_axe":1},"minecraft:custom":{"minecraft:jump":22,"minecraft:time_since_rest":7737,"minecraft:leave_game":4,"minecraft:play_time":7737,"minecraft:time_since_death":7737,"minecraft:sprint_one_cm":3633,"minecraft:walk_one_cm":4585,"minecraft:total_world_time":7737,"minecraft:fall_one_cm":685,"minecraft:interact_with_crafting_table":1,"minecraft:fly_one_cm":4942},"minecraft:picked_up":{"minecraft:crafting_table":1,"minecraft:oak_log":5}},"DataVersion":3465}