{"stats":{"minecraft:killed":{"minecraft:pig":10,"minecraft:creeper":2,"minecraft:sheep":8,"minecraft:zombie":4,"minecraft:cow":4},"minecraft:picked_up":{"biomesoplenty:lavender":1,"minecraft:crafting_table":8,"easy_emerald:copper_pickaxe":1,"minecraft:black_bed":6,"minecraft:leather":4,"biomesoplenty:fir_log":9,"alexscaves:cave_book":1,"minecraft:oak_log":258,"minecraft:gunpowder":2,"mca:book_romance":1,"minecraft:dirt":1,"minecraft:raw_copper":63,"easy_emerald:copper_head":2,"easy_emerald:copper_hammer":1,"easy_emerald:copper_boots":2,"minecraft:wheat_seeds":1,"minecraft:spruce_planks":1,"minecraft:beef":5,"easy_emerald:copper_leggings":2,"minecraft:rose_bush":6,"minecraft:oak_planks":6,"minecraft:furnace":3,"minecraft:stick":2,"minecraft:raw_iron":4,"minecraft:cooked_porkchop":14,"minecraft:torch":1,"minecraft:porkchop":11,"minecraft:spruce_log":7,"minecraft:rotten_flesh":2,"biomesoplenty:jacaranda_log":32,"minecraft:stone_axe":1,"easy_emerald:copper_paxel":1,"minecraft:obsidian":24,"minecraft:mutton":5,"minecraft:coal":380,"easy_emerald:copper_body":2,"minecraft:white_wool":4,"minecraft:cobblestone":134},"minecraft:mined":{"biomesoplenty:jacaranda_leaves":2,"minecraft:spruce_planks":1,"minecraft:crafting_table":8,"minecraft:grass_block":1,"minecraft:rose_bush":5,"minecraft:copper_ore":17,"minecraft:cobblestone":1,"minecraft:spruce_leaves":4,"biomesoplenty:sprout":9,"minecraft:wall_torch":1,"biomesoplenty:jacaranda_log":16,"minecraft:furnace":3,"minecraft:iron_ore":2,"biomesoplenty:lavender":1,"minecraft:spruce_log":7,"minecraft:black_bed":4,"biomesoplenty:fir_log":11,"minecraft:grass":6,"minecraft:oak_log":9,"minecraft:coal_ore":109,"minecraft:stone":47,"minecraft:ender_chest":3,"minecraft:oak_leaves":2,"minecraft:fern":1,"minecraft:dark_oak_planks":1},"minecraft:custom":{"minecraft:interact_with_furnace":18,"minecraft:mob_kills":15,"minecraft:interact_with_crafting_table":24,"minecraft:leave_game":10,"minecraft:time_since_death":44146,"minecraft:sleep_in_bed":3,"minecraft:time_since_rest":9041,"minecraft:open_enderchest":8,"minecraft:sprint_one_cm":155996,"minecraft:damage_taken":909,"minecraft:walk_one_cm":139809,"minecraft:drop":13,"minecraft:damage_dealt":2050,"minecraft:swim_one_cm":59605,"minecraft:fly_one_cm":461865,"minecraft:open_chest":13,"minecraft:crouch_one_cm":242,"minecraft:play_time":101342,"minecraft:deaths":2,"minecraft:sneak_time":497,"minecraft:walk_under_water_one_cm":22742,"minecraft:jump":1415,"minecraft:walk_on_water_one_cm":15397,"minecraft:total_world_time":101342,"minecraft:fall_one_cm":40527},"minecraft:used":{"minecraft:cooked_mutton":1,"minecraft:water_bucket":15,"easy_emerald:copper_axe":2,"minecraft:rose_bush":2,"minecraft:stone_pickaxe":131,"easy_emerald:copper_pickaxe":22,"minecraft:chest":2,"minecraft:wooden_pickaxe":23,"minecraft:ender_chest":5,"minecraft:torch":3,"minecraft:crafting_table":12,"minecraft:black_bed":5,"minecraft:wooden_axe":22,"minecraft:diamond_pickaxe":2,"easy_emerald:copper_hammer":11,"easy_emerald:copper_paxel":34,"minecraft:stone_axe":58,"minecraft:cobblestone":1,"minecraft:furnace":4,"minecraft:cooked_porkchop":8,"minecraft:bucket":16,"alexsmobs:animal_dictionary":1},"minecraft:dropped":{"minecraft:iron_nugget":2,"minecraft:cooked_porkchop":7,"biomesoplenty:lavender":1,"minecraft:black_bed":1,"easy_emerald:copper_boots":1,"easy_emerald:copper_leggings":1,"minecraft:coal":128,"minecraft:spruce_planks":1,"minecraft:rose_bush":2,"easy_emerald:copper_head":1,"easy_emerald:copper_body":1},"minecraft:broken":{"minecraft:stone_pickaxe":1,"minecraft:stone_axe":1,"minecraft:wooden_axe":1},"minecraft:crafted":{"minecraft:cooked_beef":3,"minecraft:oak_planks":44,"minecraft:cooked_porkchop":11,"minecraft:crafting_table":5,"minecraft:spruce_planks":28,"easy_emerald:copper_axe":1,"minecraft:wooden_pickaxe":1,"easy_emerald:copper_boots":1,"minecraft:furnace":2,"minecraft:copper_ingot":34,"minecraft:bucket":1,"minecraft:stone_axe":2,"easy_emerald:copper_pickaxe":2,"minecraft:cooked_mutton":5,"minecraft:air":0,"easy_emerald:copper_leggings":1,"easy_emerald:copper_head":1,"easy_emerald:copper_body":1,"minecraft:stick":32,"minecraft:iron_ingot":1,"minecraft:stone_pickaxe":1,"minecraft:wooden_axe":2,"minecraft:chest":2,"minecraft:torch":16},"minecraft:killed_by":{"alexsmobs:bison":1}},"DataVersion":3465}