{"stats":{"minecraft:crafted":{"minecraft:oak_planks":20},"minecraft:picked_up":{"minecraft:stick":2,"minecraft:rotten_flesh":2,"minecraft:apple":1,"minecraft:oak_log":5,"minecraft:oak_sapling":4,"minecraft:moss_carpet":1},"minecraft:killed":{"born_in_chaos_v1:corpse_fly":2},"minecraft:used":{"minecraft:apple":1,"minecraft:oak_planks":16},"minecraft:killed_by":{"born_in_chaos_v1:dark_vortex":1,"man:managgresive":1,"minecraft:skeleton":1},"minecraft:custom":{"minecraft:time_since_rest":795,"minecraft:damage_taken":1350,"minecraft:crouch_one_cm":183,"minecraft:play_time":12238,"minecraft:walk_under_water_one_cm":5069,"minecraft:sprint_one_cm":31338,"minecraft:walk_one_cm":34011,"minecraft:deaths":4,"minecraft:sneak_time":41,"minecraft:mob_kills":1,"minecraft:jump":295,"minecraft:damage_dealt_resisted":23,"minecraft:damage_dealt":280,"minecraft:leave_game":4,"minecraft:time_since_death":764,"minecraft:walk_on_water_one_cm":1085,"minecraft:total_world_time":12238,"minecraft:swim_one_cm":7579,"minecraft:fall_one_cm":12105,"minecraft:fly_one_cm":53134},"minecraft:mined":{"gravestone:gravestone":3,"minecraft:grass":1,"minecraft:oak_log":5,"minecraft:moss_carpet":2,"minecraft:oak_leaves":23}},"DataVersion":3465}