{"stats":{"minecraft:broken":{"easy_emerald:obsidian_paxel":1},"minecraft:used":{"easy_emerald:obsidian_paxel":2,"minecraft:sand":1,"minecraft:sweet_berries":3},"minecraft:picked_up":{"minecraft:sand":1,"minecraft:sweet_berries":7,"minecraft:wheat_seeds":1,"minecraft:egg":1},"minecraft:mined":{"minecraft:grass":7,"minecraft:tall_grass":3},"minecraft:custom":{"minecraft:jump":85,"minecraft:open_chest":7,"minecraft:time_since_rest":9118,"minecraft:damage_dealt":180,"minecraft:leave_game":4,"minecraft:play_time":9118,"minecraft:sprint_one_cm":8288,"minecraft:damage_taken":126,"minecraft:time_since_death":9118,"minecraft:walk_one_cm":14730,"minecraft:sneak_time":53,"minecraft:total_world_time":9118,"minecraft:fall_one_cm":2148,"minecraft:fly_one_cm":117324}},"DataVersion":3465}